Najlepšie dopyty,Kliknutia,Zobrazenia,MP,Pozícia
taxi sabinov,484,9541,5.07%,1.43
taxi lipany,174,3163,5.5%,1.59
taxi sabinov cennik,51,683,7.47%,3.72
sabinov taxi,45,1146,3.93%,1.6
taxi palus sabinov,41,343,11.95%,1.07
taxi sabinov kontakt,31,1486,2.09%,1.57
taxi palus,31,241,12.86%,1.26
palus taxi,25,271,9.23%,1.34
lipany taxi,24,363,6.61%,1.5
taxi lipany cennik,19,414,4.59%,6.76
taxi,8,495,1.62%,2.24
taxi sb,6,33,18.18%,3.42
taxi lipany kontakt,5,207,2.42%,1.91
taxik sabinov,5,80,6.25%,1.64
palus,3,75,4%,5.45
taxi prešov,3,21,14.29%,5.48
sabinov taxi kontakt,2,42,4.76%,1.69
taxi bardejov,2,27,7.41%,1.96
taxi stara lubovna,1,77,1.3%,3.21
palus taxi sabinov,1,21,4.76%,1
easy taxi presov,1,5,20%,1.2
taxi presov,1,3,33.33%,3
taxi sluzby,1,2,50%,1
pauls taxi,1,2,50%,1.5
taxik,0,49,0%,2.57
taxislužba,0,27,0%,2.59
lipany – sabinov,0,21,0%,13.48
baci taxi sabinov,0,18,0%,7.67
taxík,0,17,0%,2.35
milo taxi,0,16,0%,2
taxi sluzba,0,14,0%,2.07
taxi pal,0,14,0%,2.93
pal taxi,0,11,0%,1.73
taxis,0,11,0%,3.45
aaa taxi sabinov,0,10,0%,5.6
taxi near me,0,9,0%,1.89
pali taxi,0,9,0%,2.67
taksik,0,8,0%,2.62
po taxi,0,7,0%,1.71
taxy,0,7,0%,2.57
taxi sp,0,7,0%,8
lm taxi sabinov,0,7,0%,10.71
taxisluzba,0,6,0%,1
taxi kamenica,0,6,0%,1.67
taksi,0,6,0%,3.83
bolt taxi sabinov,0,6,0%,6.17
taxi prešov kontakt,0,6,0%,8.17
paluskova doktorka lipany,0,6,0%,12.17
stany taxi bardejov,0,5,0%,8
pt taxi,0,5,0%,46.2
taxi lubovna,0,4,0%,1
taxi stará ľubovňa,0,4,0%,1.25
bardejov taxi,0,4,0%,2
nonstop taxi,0,4,0%,4
taxi kontakt,0,4,0%,4.5
taxu,0,3,0%,1.33
tqxi,0,3,0%,1.67
palas taxi,0,3,0%,2
tono taxi,0,3,0%,2
prešov taxi,0,3,0%,3.67
taxi s,0,3,0%,4
tsaxi,0,3,0%,5
stara lubovna taxi,0,3,0%,6.33
good taxi,0,3,0%,6.67
taxi 66,0,3,0%,8
ceny taxi,0,3,0%,12
recenzie firmy bogy taxi bardejov,0,3,0%,17.67
taxi hnusta,0,3,0%,32.33
.taxi,0,2,0%,1
taxi cislo,0,2,0%,1
taxi tono,0,2,0%,1
taxi.service,0,2,0%,1
palu,0,2,0%,1.5
taxi sv,0,2,0%,1.5
taxi po,0,2,0%,2
taxi.,0,2,0%,2
presov taxi,0,2,0%,2.5
sabino taxi,0,2,0%,2.5
stany taxi,0,2,0%,2.5
kamenica taxi,0,2,0%,3
taxi booking,0,2,0%,3
tazxi,0,2,0%,3.5
taxi car,0,2,0%,7
transfer taxi,0,2,0%,13
cl taxi sabinov,0,2,0%,13.5
taxi hnusta kontakt,0,2,0%,21.5
taxi velke kapusany,0,2,0%,38.5
velke kapusany taxi,0,2,0%,39.5
kiraly taxi velke kapusany,0,2,0%,41.5
taxi surany,0,2,0%,41.5
novus taxi,0,2,0%,85.5
dodavka taxi,0,1,0%,1
presov sabinov,0,1,0%,1
private taxi,0,1,0%,1
ride taxi,0,1,0%,1
sociálny taxík,0,1,0%,1
tax8 near me,0,1,0%,1
taxi 23,0,1,0%,1
taxi a,0,1,0%,1
taxi da,0,1,0%,1
taxi li,0,1,0%,1
taxi lipa,0,1,0%,1
taxi lp,0,1,0%,1
taxi puls,0,1,0%,1
taxi sab,0,1,0%,1
texik,0,1,0%,1
ano,0,1,0%,2
auto taxi,0,1,0%,2
j&p taxi,0,1,0%,2
ktorý je najlacnejší,0,1,0%,2
odviesť,0,1,0%,2
rr taxi,0,1,0%,2
safe taxi,0,1,0%,2
takxi,0,1,0%,2
taxi 56,0,1,0%,2
taxi auta,0,1,0%,2
taxi company,0,1,0%,2
taxi k,0,1,0%,2
taxi lo,0,1,0%,2
taxi number,0,1,0%,2
taxi on,0,1,0%,2
taxi ra,0,1,0%,2
taxi service,0,1,0%,2
taxi služba,0,1,0%,2
taxi!,0,1,0%,2
taxius,0,1,0%,2
taxk,0,1,0%,2
taxsy,0,1,0%,2
top taxi,0,1,0%,2
таксі,0,1,0%,2
🚕 taxi,0,1,0%,2
autobazar sabinov,0,1,0%,3
kolko stoji taxik?,0,1,0%,3
limos,0,1,0%,3
presov taxi kontakt,0,1,0%,3
taxislužba prešov,0,1,0%,3
teansport,0,1,0%,3
top rated taxi,0,1,0%,3
24 taxi,0,1,0%,4
taxi in der nähe,0,1,0%,4
taxj,0,1,0%,4
taxi nonstop,0,1,0%,5
dr palus,0,1,0%,7
sabi taxi,0,1,0%,7
taxi lips,0,1,0%,7
taxi piwniczna zdrój,0,1,0%,8
taxi 16,0,1,0%,9
taxi sa,0,1,0%,9
co taxi,0,1,0%,10
nova taxi,0,1,0%,10
paluskova,0,1,0%,10
taxi 2026,0,1,0%,10
taxi cena,0,1,0%,10
trasfers,0,1,0%,10
cislo na taxi,0,1,0%,11
paulis taxi,0,1,0%,11
taxl,0,1,0%,11
sas taxi,0,1,0%,12
taxi hl,0,1,0%,12
transport,0,1,0%,12
číslo taxi,0,1,0%,12
таксі даніель,0,1,0%,12
taxi pre,0,1,0%,13
taxi veľký šariš,0,1,0%,21
paluskova lipany,0,1,0%,23
topas lipany,0,1,0%,27
world taxi,0,1,0%,32
surany taxi,0,1,0%,40
globus lipany,0,1,0%,42
taxi kocani,0,1,0%,43
taxi jablonica,0,1,0%,44
taxi ludus non stop,0,1,0%,46
taxi hispano,0,1,0%,53
taxi turany,0,1,0%,53