Dátum,Kliknutia,Zobrazenia,MP,Pozícia
2025-08-02,5,84,5.95%,2.2
2025-08-03,2,43,4.65%,3
2025-08-04,0,35,0%,2.2
2025-08-05,3,47,6.38%,2.7
2025-08-06,1,39,2.56%,2.7
2025-08-07,5,69,7.25%,2.3
2025-08-08,4,81,4.94%,1.9
2025-08-09,4,120,3.33%,2.1
2025-08-10,4,47,8.51%,2.5
2025-08-11,4,78,5.13%,3
2025-08-12,2,49,4.08%,2.2
2025-08-13,5,67,7.46%,2.2
2025-08-14,4,76,5.26%,1.8
2025-08-15,5,150,3.33%,2.1
2025-08-16,11,157,7.01%,2.1
2025-08-17,0,50,0%,1.5
2025-08-18,5,74,6.76%,2.2
2025-08-19,4,67,5.97%,2.9
2025-08-20,4,61,6.56%,1.9
2025-08-21,6,65,9.23%,1.8
2025-08-22,5,69,7.25%,2.1
2025-08-23,11,136,8.09%,1.8
2025-08-24,4,60,6.67%,1.4
2025-08-25,4,54,7.41%,2.9
2025-08-26,3,65,4.62%,2.6
2025-08-27,1,43,2.33%,2.4
2025-08-28,6,89,6.74%,2.3
2025-08-29,5,78,6.41%,3
2025-08-30,8,113,7.08%,1.9
2025-08-31,3,44,6.82%,2.3
2025-09-01,1,48,2.08%,2.7
2025-09-02,4,28,14.29%,3.5
2025-09-03,2,35,5.71%,3.3
2025-09-04,1,43,2.33%,2.6
2025-09-05,2,67,2.99%,2.3
2025-09-06,11,114,9.65%,1.9
2025-09-07,1,31,3.23%,3.2
2025-09-08,7,44,15.91%,2.4
2025-09-09,3,29,10.34%,3.8
2025-09-10,3,49,6.12%,2.2
2025-09-11,1,56,1.79%,1.8
2025-09-12,5,98,5.1%,2.1
2025-09-13,6,180,3.33%,1.9
2025-09-14,4,141,2.84%,2.1
2025-09-15,0,55,0%,2.2
2025-09-16,1,54,1.85%,2
2025-09-17,1,43,2.33%,2
2025-09-18,3,44,6.82%,2.3
2025-09-19,6,138,4.35%,1.8
2025-09-20,2,142,1.41%,1.7
2025-09-21,0,54,0%,2.2
2025-09-22,3,62,4.84%,2
2025-09-23,2,67,2.99%,2
2025-09-24,3,53,5.66%,2.3
2025-09-25,1,151,0.66%,1.6
2025-09-26,5,159,3.14%,2.2
2025-09-27,4,82,4.88%,2.2
2025-09-28,3,91,3.3%,2.3
2025-09-29,0,72,0%,2.7
2025-09-30,0,37,0%,3.1
2025-10-01,1,61,1.64%,3.2
2025-10-02,2,53,3.77%,2.8
2025-10-03,2,55,3.64%,2.3
2025-10-04,7,155,4.52%,2.2
2025-10-05,1,46,2.17%,2.5
2025-10-06,1,43,2.33%,2.7
2025-10-07,0,34,0%,1.7
2025-10-08,0,49,0%,1.9
2025-10-09,3,56,5.36%,2.3
2025-10-10,3,87,3.45%,2.2
2025-10-11,4,99,4.04%,1.7
2025-10-12,3,55,5.45%,1.9
2025-10-13,1,57,1.75%,1.7
2025-10-14,2,40,5%,2.5
2025-10-15,3,70,4.29%,1.9
2025-10-16,4,65,6.15%,2.1
2025-10-17,5,101,4.95%,2.1
2025-10-18,7,100,7%,2.1
2025-10-19,3,50,6%,2.5
2025-10-20,4,66,6.06%,2.4
2025-10-21,2,54,3.7%,2.3
2025-10-22,2,73,2.74%,2
2025-10-23,7,76,9.21%,2.1
2025-10-24,7,108,6.48%,2.2
2025-10-25,8,118,6.78%,2
2025-10-26,10,80,12.5%,2.6
2025-10-27,4,44,9.09%,2.5
2025-10-28,2,49,4.08%,2.5
2025-10-29,4,63,6.35%,2
2025-10-30,3,52,5.77%,2.1
2025-10-31,2,94,2.13%,2.3
2025-11-01,1,59,1.69%,1.8
2025-11-02,1,44,2.27%,2.6
2025-11-03,1,53,1.89%,2.2
2025-11-04,3,37,8.11%,2.5
2025-11-05,2,29,6.9%,2.9
2025-11-06,3,53,5.66%,2.6
2025-11-07,6,96,6.25%,2.3
2025-11-08,5,98,5.1%,2.5
2025-11-09,5,57,8.77%,2.6
2025-11-10,7,52,13.46%,3.1
2025-11-11,5,64,7.81%,2
2025-11-12,5,72,6.94%,2.7
2025-11-13,6,93,6.45%,2
2025-11-14,6,93,6.45%,2.1
2025-11-15,4,146,2.74%,2.3
2025-11-16,2,50,4%,1.8
2025-11-17,1,54,1.85%,2.3
2025-11-18,8,69,11.59%,2.3
2025-11-19,5,139,3.6%,2
2025-11-20,2,54,3.7%,1.9
2025-11-21,5,157,3.18%,2
2025-11-22,6,133,4.51%,2.1
2025-11-23,2,67,2.99%,1.7
2025-11-24,4,44,9.09%,2.5
2025-11-25,1,44,2.27%,2.3
2025-11-26,4,53,7.55%,1.6
2025-11-27,6,58,10.34%,2.1
2025-11-28,5,92,5.43%,1.9
2025-11-29,5,85,5.88%,2.1
2025-11-30,5,58,8.62%,2
2025-12-01,2,73,2.74%,2.4
2025-12-02,0,46,0%,2.7
2025-12-03,3,64,4.69%,2.1
2025-12-04,2,93,2.15%,2.9
2025-12-05,1,70,1.43%,2.2
2025-12-06,0,83,0%,1.8
2025-12-07,4,38,10.53%,2.3
2025-12-08,2,34,5.88%,2.4
2025-12-09,2,32,6.25%,2
2025-12-10,6,46,13.04%,1.5
2025-12-11,4,62,6.45%,2.2
2025-12-12,5,107,4.67%,1.8
2025-12-13,4,76,5.26%,2.1
2025-12-14,4,56,7.14%,2.6
2025-12-15,3,59,5.08%,2.3
2025-12-16,4,37,10.81%,2.3
2025-12-17,3,69,4.35%,2.3
2025-12-18,2,55,3.64%,1.9
2025-12-19,15,169,8.88%,2
2025-12-20,6,112,5.36%,2.2
2025-12-21,6,80,7.5%,2.1
2025-12-22,3,86,3.49%,2.4
2025-12-23,4,97,4.12%,2
2025-12-24,2,71,2.82%,1.9
2025-12-25,7,90,7.78%,2.2
2025-12-26,13,121,10.74%,2
2025-12-27,6,118,5.08%,1.9
2025-12-28,1,68,1.47%,1.7
2025-12-29,1,58,1.72%,2.1
2025-12-30,7,118,5.93%,2.1
2025-12-31,8,154,5.19%,2.1
2026-01-01,3,54,5.56%,2.1
2026-01-02,1,50,2%,2.6
2026-01-03,1,80,1.25%,1.6
2026-01-04,1,75,1.33%,1.7
2026-01-05,3,41,7.32%,2.9
2026-01-06,2,46,4.35%,1.9
2026-01-07,1,47,2.13%,1.8
2026-01-08,3,40,7.5%,2.4
2026-01-09,3,69,4.35%,1.7
2026-01-10,8,80,10%,1.8
2026-01-11,2,51,3.92%,1.7
2026-01-12,1,55,1.82%,2.5
2026-01-13,3,43,6.98%,1.6
2026-01-14,6,95,6.32%,1.8
2026-01-15,2,86,2.33%,2.4
2026-01-16,1,68,1.47%,3.1
2026-01-17,11,119,9.24%,1.9
2026-01-18,4,52,7.69%,2
2026-01-19,2,68,2.94%,2.5
2026-01-20,4,54,7.41%,1.6
2026-01-21,5,58,8.62%,1.7
2026-01-22,1,30,3.33%,2.1
2026-01-23,2,66,3.03%,1.8
2026-01-24,6,69,8.7%,1.9
2026-01-25,1,47,2.13%,1.6
2026-01-26,4,39,10.26%,1.7
2026-01-27,1,38,2.63%,1.8
2026-01-28,3,51,5.88%,2.5
2026-01-29,2,27,7.41%,2.3
2026-01-30,4,79,5.06%,1.9
2026-01-31,2,98,2.04%,1.9
2026-02-01,2,69,2.9%,2
2026-02-02,2,71,2.82%,2.3
2026-02-03,7,56,12.5%,2
2026-02-04,3,74,4.05%,2.2
2026-02-05,0,66,0%,2.6
2026-02-06,5,76,6.58%,1.7
2026-02-07,5,123,4.07%,2.5
2026-02-08,2,46,4.35%,1.4
2026-02-09,0,38,0%,2.3
2026-02-10,5,43,11.63%,1.8
2026-02-11,4,50,8%,2.1
2026-02-12,3,65,4.62%,2.5
2026-02-13,3,72,4.17%,1.9
2026-02-14,6,145,4.14%,2
2026-02-15,5,52,9.62%,2.6
2026-02-16,2,43,4.65%,2.4
2026-02-17,0,36,0%,2.1
2026-02-18,3,78,3.85%,2.1
2026-02-19,4,88,4.55%,1.7
2026-02-20,4,110,3.64%,1.9
2026-02-21,4,102,3.92%,1.7
2026-02-22,2,44,4.55%,1.5
2026-02-23,2,76,2.63%,1.8
2026-02-24,3,51,5.88%,2.4
2026-02-25,0,72,0%,2.7
2026-02-26,2,60,3.33%,2.3
2026-02-27,4,49,8.16%,2.1
2026-02-28,3,66,4.55%,2
2026-03-01,3,55,5.45%,2.1
2026-03-02,4,51,7.84%,3.3
2026-03-03,7,40,17.5%,2.2
2026-03-04,3,31,9.68%,1.9
2026-03-05,2,61,3.28%,2.5
2026-03-06,3,42,7.14%,2.4
2026-03-07,2,59,3.39%,1.5
2026-03-08,3,36,8.33%,2
2026-03-09,2,29,6.9%,1.8
2026-03-10,1,47,2.13%,2.3
2026-03-11,3,42,7.14%,2
2026-03-12,2,53,3.77%,2
2026-03-13,1,58,1.72%,1.6
2026-03-14,3,70,4.29%,1.9
2026-03-15,3,42,7.14%,2.7
2026-03-16,2,79,2.53%,2.5
2026-03-17,4,157,2.55%,1.8
2026-03-18,2,124,1.61%,1.4
2026-03-19,3,47,6.38%,2.9
2026-03-20,2,71,2.82%,1.9
2026-03-21,1,66,1.52%,2.1
2026-03-22,2,40,5%,2.5
2026-03-23,1,36,2.78%,3
2026-03-24,0,33,0%,3.4
2026-03-25,3,43,6.98%,2.3
2026-03-26,0,41,0%,1.6
2026-03-27,3,47,6.38%,2.2
2026-03-28,1,60,1.67%,2.2
2026-03-29,3,49,6.12%,2.9
2026-03-30,1,38,2.63%,2
2026-03-31,2,53,3.77%,2.2
2026-04-01,1,47,2.13%,2.1
2026-04-02,3,95,3.16%,2.2
2026-04-03,2,46,4.35%,1.8
2026-04-04,4,105,3.81%,2.2
2026-04-05,8,137,5.84%,1.9
2026-04-06,7,80,8.75%,2.3
2026-04-07,2,44,4.55%,2
2026-04-08,1,39,2.56%,2.7
2026-04-09,4,70,5.71%,2.3
2026-04-10,1,61,1.64%,2.6
2026-04-11,2,114,1.75%,4.1
2026-04-12,3,72,4.17%,2.2
2026-04-13,0,49,0%,2.7
2026-04-14,2,76,2.63%,2.3
2026-04-15,0,38,0%,2.6
2026-04-16,1,37,2.7%,2.5
2026-04-17,5,88,5.68%,2.4
2026-04-18,7,69,10.14%,2.3
2026-04-19,1,49,2.04%,1.9
2026-04-20,6,82,7.32%,3.1
2026-04-21,2,51,3.92%,2.2
2026-04-22,2,30,6.67%,2.3
2026-04-23,3,60,5%,2.3
2026-04-24,9,108,8.33%,1.9
2026-04-25,6,83,7.23%,2.4
2026-04-26,2,35,5.71%,1.9
2026-04-27,3,42,7.14%,2
2026-04-28,4,52,7.69%,2
2026-04-29,4,59,6.78%,2.6
2026-04-30,9,88,10.23%,2.4
2026-05-01,3,85,3.53%,1.8
2026-05-02,6,90,6.67%,2
2026-05-03,0,46,0%,2.2
2026-05-04,1,84,1.19%,2.1
2026-05-05,3,52,5.77%,1.9
2026-05-06,1,65,1.54%,2
2026-05-07,7,91,7.69%,2.2
2026-05-08,13,142,9.15%,2.1
2026-05-09,11,144,7.64%,2.1
2026-05-10,7,53,13.21%,1.5
2026-05-11,1,39,2.56%,1.5
2026-05-12,5,55,9.09%,2.3
2026-05-13,2,38,5.26%,2.9
2026-05-14,2,48,4.17%,2.3
2026-05-15,8,106,7.55%,2
2026-05-16,6,102,5.88%,1.8
2026-05-17,1,45,2.22%,1.7
2026-05-18,2,50,4%,2.3
2026-05-19,3,55,5.45%,2.6
2026-05-20,1,49,2.04%,1.5
2026-05-21,4,88,4.55%,1.5
2026-05-22,5,62,8.06%,1.8
2026-05-23,11,107,10.28%,1.7
2026-05-24,2,41,4.88%,1.5
2026-05-25,5,58,8.62%,2.1
2026-05-26,4,53,7.55%,2
2026-05-27,3,45,6.67%,1.9
2026-05-28,0,32,0%,3.3
2026-05-29,7,85,8.24%,1.8
2026-05-30,6,108,5.56%,1.6
2026-05-31,0,48,0%,2
2026-06-01,2,48,4.17%,2.1
2026-06-02,4,56,7.14%,2.1
2026-06-03,7,77,9.09%,5.4
2026-06-04,6,86,6.98%,2.2
2026-06-05,7,120,5.83%,2.2
2026-06-06,5,93,5.38%,2.1
2026-06-07,3,51,5.88%,2.4
2026-06-08,4,41,9.76%,2.3
2026-06-09,3,45,6.67%,1.8
2026-06-10,3,54,5.56%,1.9
2026-06-11,13,93,13.98%,1.9
2026-06-12,19,239,7.95%,1.7
2026-06-13,12,247,4.86%,1.7
2026-06-14,6,92,6.52%,1.6
2026-06-15,2,43,4.65%,2.3
2026-06-16,1,65,1.54%,2
2026-06-17,3,56,5.36%,2.1
2026-06-18,7,70,10%,1.8
2026-06-19,12,162,7.41%,1.9
2026-06-20,2,133,1.5%,1.8
2026-06-21,3,58,5.17%,4.3
2026-06-22,3,67,4.48%,1.9
2026-06-23,5,55,9.09%,1.6
2026-06-24,4,60,6.67%,1.8
2026-06-25,6,61,9.84%,2.1
2026-06-26,3,80,3.75%,1.7
2026-06-27,8,158,5.06%,2
2026-06-28,6,63,9.52%,2.4
2026-06-29,4,51,7.84%,2.2
2026-06-30,4,63,6.35%,2
2026-07-01,5,73,6.85%,6.3
2026-07-02,2,50,4%,1.9
2026-07-03,2,82,2.44%,1.8
2026-07-04,4,106,3.77%,2.1
2026-07-05,4,81,4.94%,2.4
2026-07-06,5,60,8.33%,2.3
2026-07-07,3,47,6.38%,3.1
2026-07-08,2,49,4.08%,1.6
2026-07-09,3,37,8.11%,1.9
2026-07-10,3,115,2.61%,2.1
2026-07-11,7,147,4.76%,3.1
2026-07-12,2,43,4.65%,1.8
2026-07-13,5,77,6.49%,1.9
2026-07-14,1,57,1.75%,2.5
2026-07-15,3,76,3.95%,1.7
2026-07-16,5,74,6.76%,2.2
2026-07-17,10,130,7.69%,2
2026-07-18,7,128,5.47%,1.8
2026-07-19,3,68,4.41%,3.6
2026-07-20,5,78,6.41%,3
2026-07-21,5,99,5.05%,1.9
2026-07-22,3,68,4.41%,2
2026-07-23,6,64,9.38%,3.7
2026-07-24,8,103,7.77%,2.4
2026-07-25,6,102,5.88%,1.9
2026-07-26,6,61,9.84%,2.1
2026-07-27,2,35,5.71%,2.4
2026-07-28,4,68,5.88%,2.1
2026-07-29,1,50,2%,2.2
2026-07-30,7,73,9.59%,3.6
2026-07-31,7,125,5.6%,2.3
2026-08-01,8,159,5.03%,2.6